Datetime,Water Level (m)
2025-02-15 18:00:00,0.23210216
2025-02-15 19:00:00,0.5914524
2025-02-15 20:00:00,0.7591881
2025-02-15 21:00:00,0.6402783
2025-02-15 22:00:00,0.270908
2025-02-15 23:00:00,-0.16147682
2025-02-16 00:00:00,-0.45145312
2025-02-16 01:00:00,-0.6479325
2025-02-16 02:00:00,-0.8011704
2025-02-16 03:00:00,-0.9285654
2025-02-16 04:00:00,-1.0035168
2025-02-16 05:00:00,-0.65299416
2025-02-16 06:00:00,-0.0626951
2025-02-16 07:00:00,0.32600692
2025-02-16 08:00:00,0.56467897
2025-02-16 09:00:00,0.5437221
2025-02-16 10:00:00,0.26188526
2025-02-16 11:00:00,-0.1475667
2025-02-16 12:00:00,-0.44763348
2025-02-16 13:00:00,-0.6364552
2025-02-16 14:00:00,-0.7748886
2025-02-16 15:00:00,-0.88124406
2025-02-16 16:00:00,-0.93539995
2025-02-16 17:00:00,-0.61184335
2025-02-16 18:00:00,-0.045097068
2025-02-16 19:00:00,0.3422104
2025-02-16 20:00:00,0.613199
2025-02-16 21:00:00,0.62797606
2025-02-16 22:00:00,0.36499077
2025-02-16 23:00:00,-0.06393126
2025-02-17 00:00:00,-0.40894166
2025-02-17 01:00:00,-0.6261613
2025-02-17 02:00:00,-0.78523934
2025-02-17 03:00:00,-0.9139996
2025-02-17 04:00:00,-1.0088636
2025-02-17 05:00:00,-0.8994706
2025-02-17 06:00:00,-0.32309744
2025-02-17 07:00:00,0.10337567
2025-02-17 08:00:00,0.38677305
2025-02-17 09:00:00,0.4994472
2025-02-17 10:00:00,0.3635581
2025-02-17 11:00:00,0.031232273
2025-02-17 12:00:00,-0.33104828
2025-02-17 13:00:00,-0.56171805
2025-02-17 14:00:00,-0.71642745
2025-02-17 15:00:00,-0.831434
2025-02-17 16:00:00,-0.90753657
2025-02-17 17:00:00,-0.80866134
2025-02-17 18:00:00,-0.26479068
2025-02-17 19:00:00,0.14009207
2025-02-17 20:00:00,0.40003443
2025-02-17 21:00:00,0.5005889
2025-02-17 22:00:00,0.34789303
2025-02-17 23:00:00,-0.00533937
2025-02-18 00:00:00,-0.3793368
2025-02-18 01:00:00,-0.62387216
2025-02-18 02:00:00,-0.7883103
2025-02-18 03:00:00,-0.91289663
2025-02-18 04:00:00,-1.0044194
2025-02-18 05:00:00,-1.0025657
2025-02-18 06:00:00,-0.56869084
2025-02-18 07:00:00,-0.12056492
2025-02-18 08:00:00,0.19947354
2025-02-18 09:00:00,0.3902877
2025-02-18 10:00:00,0.38392588
2025-02-18 11:00:00,0.17131369
2025-02-18 12:00:00,-0.17202298
2025-02-18 13:00:00,-0.45399377
2025-02-18 14:00:00,-0.6239379
2025-02-18 15:00:00,-0.740942
2025-02-18 16:00:00,-0.8142104
2025-02-18 17:00:00,-0.8050034
2025-02-18 18:00:00,-0.4244312
2025-02-18 19:00:00,-0.0143873375
2025-02-18 20:00:00,0.23216555
2025-02-18 21:00:00,0.37118736
2025-02-18 22:00:00,0.3064563
2025-02-18 23:00:00,0.047121055
2025-02-19 00:00:00,-0.30486462
2025-02-19 01:00:00,-0.5658311
2025-02-19 02:00:00,-0.7398994
2025-02-19 03:00:00,-0.8623401
2025-02-19 04:00:00,-0.95178
2025-02-19 05:00:00,-0.97916454
2025-02-19 06:00:00,-0.765072
2025-02-19 07:00:00,-0.30294484
2025-02-19 08:00:00,0.021341715
2025-02-19 09:00:00,0.22645816
2025-02-19 10:00:00,0.30914474
2025-02-19 11:00:00,0.22424102
2025-02-19 12:00:00,-0.0073034535
2025-02-19 13:00:00,-0.3014669
2025-02-19 14:00:00,-0.5004551
2025-02-19 15:00:00,-0.6225153
2025-02-19 16:00:00,-0.6951184
2025-02-19 17:00:00,-0.7115698
2025-02-19 18:00:00,-0.5663265
2025-02-19 19:00:00,-0.17572695
2025-02-19 20:00:00,0.0659137
2025-02-19 21:00:00,0.19902837
2025-02-19 22:00:00,0.19323844
2025-02-19 23:00:00,0.03786146
2025-02-20 00:00:00,-0.23348333
2025-02-20 01:00:00,-0.48845738
2025-02-20 02:00:00,-0.67338884
2025-02-20 03:00:00,-0.8007547
2025-02-20 04:00:00,-0.8855105
2025-02-20 05:00:00,-0.9249744
2025-02-20 06:00:00,-0.8445212
2025-02-20 07:00:00,-0.48638394
2025-02-20 08:00:00,-0.17001791
2025-02-20 09:00:00,0.025326157
2025-02-20 10:00:00,0.12926975
2025-02-20 11:00:00,0.13715725
2025-02-20 12:00:00,0.037909433
2025-02-20 13:00:00,-0.15295988
2025-02-20 14:00:00,-0.36945233
2025-02-20 15:00:00,-0.51196885
2025-02-20 16:00:00,-0.59603256
2025-02-20 17:00:00,-0.6215869
2025-02-20 18:00:00,-0.59486485
2025-02-20 19:00:00,-0.41672802
2025-02-20 20:00:00,-0.15670608
2025-02-20 21:00:00,-0.01916008
2025-02-20 22:00:00,0.0029740105
2025-02-20 23:00:00,-0.072792985
2025-02-21 00:00:00,-0.24221627
2025-02-21 01:00:00,-0.44731772
2025-02-21 02:00:00,-0.62367177
2025-02-21 03:00:00,-0.75429463
2025-02-21 04:00:00,-0.8296184
2025-02-21 05:00:00,-0.86458164
2025-02-21 06:00:00,-0.86373067
2025-02-21 07:00:00,-0.7592678
2025-02-21 08:00:00,-0.4679163
2025-02-21 09:00:00,-0.22437419
2025-02-21 10:00:00,-0.068368495
2025-02-21 11:00:00,0.023033505
2025-02-21 12:00:00,0.030449687
2025-02-21 13:00:00,-0.04787525
2025-02-21 14:00:00,-0.17689009
2025-02-21 15:00:00,-0.3289096
2025-02-21 16:00:00,-0.43697473
2025-02-21 17:00:00,-0.48180673
2025-02-21 18:00:00,-0.48813242
